movie_name,month,year,budget,runtime,mpaa,screens,opening_week,domestic_box_office,international_box_office,worldwide_box_office,country
Angel Eyes,8,2001,38000000,102,R,2375,9225575,24044532,5500000,29544532,United States
La grande bellezza,10,2013,12000000,142,Not,1,23442,2883879,26600377,29484256,Italy
Race 2,1,2013,,146,Not,153,884757,1579940,27896094,29476034,India
Amsusalin,10,2018,,110,,,,,29433930,29433930,Republic of Korea
Lyod,2,2018,,,,,,,29409365,29409365,Russian Federation
Namhansanseong,9,2017,,140,Not,,,138486,29270313,29408799,Republic of Korea
The Pledge,,2001,45000000,124,R,1275,5765347,19719930,9686202,29406132,United States
Doraemon: Nobita to Midori no kyojinten,,2008,,,,,,,29397231,29397231,Japan
De rouille et d’os,11,2022,19500000,120,R,2,27154,2061449,27332185,29393634,"Belgium, France"
Across the Universe,,2007,45000000,133,PG-13,23,667784,24343673,5023470,29367143,"United Kingdom, United States"
Singh is Kinng,,2008,,138,Not,112,1198721,2523511,26816279,29339790,"Australia, India"
Ai,2,2012,,128,,,,,29338638,29338638,"China, Taiwan, Province of China"
Wa Pei,,2008,,,,,,,29338195,29338195,China
Hunter Killer,10,2018,40000000,121,R,2720,6653777,15767460,13544661,29312121,United States
Guan yun chang,,2016,,,,,,,29307618,29307618,China
Yeok-rin,,2014,,135,Not,,,,29306967,29306967,Republic of Korea
Meitantei Konan Zekkai no Puraibēto Ai,4,2013,,,,,,,29302051,29302051,Japan
Wu Xia,,2012,,116,R,14,11137,11300,29272914,29284214,"China, Hong Kong"
Quan Min Mu Ji,9,2013,,,,,,,29260000,29260000,China
Zindagi Na Milegi Dobara,3,2012,,148,Not,100,960548,3103656,26155616,29259272,India
The Stepfather,,2009,20000000,101,PG-13,2734,11581586,29062561,165000,29227561,United States
The Road,,2009,25000000,111,R,111,1502231,8114270,21092462,29206732,United States
Jie jiu wu xian sheng,9,2015,,106,Not,24,43312,92696,29109231,29201927,China
Rang De Basanti,,2006,5300000,,Not,61,701666,2197694,27000000,29197694,India
Bugs!,4,2003,,40,Not,,,19084280,10112664,29196944,"Canada, United States"
Book Club: The Next Chapter,5,2023,,107,PG-13,3508,6677580,17581565,11540063,29121628,United States
Viking,12,2016,,133,,,,,29099751,29099751,Russian Federation
Irrational Man,7,2015,,94,R,5,175312,4030360,25053237,29083597,United States
Yi wen ding qing,2,2019,,122,,,,,29083287,29083287,"China, Taiwan, Province of China"
Stan & Ollie,1,2019,10000000,98,PG,5,78104,5470235,23592439,29062674,"United Kingdom, United States"
Do-ga-ni,9,2011,,125,,,,,29056658,29056658,Republic of Korea
Sai yau gei: Sin leui kei yun,10,2014,,95,,,,,29050000,29050000,Hong Kong
The Master,11,2012,37500000,136,R,5,736311,16247159,12797179,29044338,United States
Far From Heaven,3,2003,13500000,107,PG-13,6,211279,15901849,13126065,29027914,
Alibi.com,2,2017,,90,,,,,29014614,29014614,France
Wolf Creek,11,2005,1100000,99,R,1749,2805754,16186348,12818716,29005064,Australia
Shaun of the Dead,10,2004,5000000,99,R,607,3330781,13542874,15449784,28992658,"France, United Kingdom"
Dumb and Dumberer: When Harry Met Lloyd,6,2003,30000000,85,PG-13,2609,10845064,26214846,2771512,28986358,United States
The New Guy,,2002,13000000,88,PG-13,2687,9007833,28972187,,,United States
Recep Ivedik 5,2,2017,,113,,,,,28965314,28965314,Turkey
The Life of David Gale,3,2003,50000000,130,R,2002,7117225,19694635,9225553,28920188,United States
The Upside of Anger,5,2005,12000000,117,R,9,211559,18761993,10153768,28915761,United States
Heist,,2001,35000000,109,R,1891,7823521,23483357,5423460,28906817,"Canada, United States"
Padman,2,2018,,140,PG-13,152,740313,1662927,27243759,28906686,India
I Lost You,3,2024,,,,,,,28828027,28828027,China
Keeping Up with the Joneses,10,2016,40000000,101,PG-13,3022,5461475,14904426,13900000,28804426,United States
Case 39,,2010,27000000,109,R,2211,5350570,13261851,15511976,28773827,"Canada, United States"
Boiler Room,,2000,9000000,120,R,1335,6722884,16963963,11809674,28773637,United States
Ghosts of the Abyss,4,2003,,62,G,97,1408474,17093668,11648645,28742313,"France, United States"
Baby Boy,,2001,16000000,130,R,1533,8606403,28734552,,,
The Brothers Grimsby,2,2016,35000000,82,R,2235,3258327,6864016,21856454,28720470,"United Kingdom, United States"
The Disaster Artist,12,2017,10000000,98,R,19,1211345,21120616,7597051,28717667,United States
Yu-Gi-Oh,9,2004,20000000,100,PG,2411,9485494,19762690,8952313,28715003,Japan
Agent Cody Banks 2: Destination London,3,2004,26000000,100,PG,2973,8014005,23514247,5188836,28703083,United States
Baramgwa hamjje sarajida,8,2012,,121,,,,,28686545,28686545,Republic of Korea
Wrong Turn,6,2003,10000000,84,R,1615,5161498,15417771,13231785,28649556,United States
Free Solo,12,2018,,100,PG-13,4,294288,17541090,11064905,28605995,United States
Jodhaa Akbar,,2008,,213,Not,100,1250000,3444629,25150000,28594629,India
Singham,,2011,,143,Not,50,161063,350864,28230845,28581709,India
W.,,2008,25100000,129,PG-13,2030,10505668,25534493,3041285,28575778,United States
Nae Anaeui Modeun Geot,5,2012,,121,,,,,28555285,28555285,Republic of Korea
Konkeuriteu Yutopia,8,2023,,129,,,,,28547938,28547938,Republic of Korea
Splice,,2010,30000000,104,R,2450,7385277,17010170,11532324,28542494,"Canada, France"
Birigyaru,5,2015,,117,,,,,28532888,28532888,Japan
Shingeki no kyojin,7,2015,,98,Not,,,258794,28269594,28528388,Japan
Frost/Nixon,,2008,29000000,122,R,3,180708,18622031,9830914,28452945,"France, United Kingdom, United States"
Meitantei Conan: Ginyoku no kijutsushi,4,2004,,108,,,,,28400000,28400000,Japan
I Give It a Year,2,2013,,97,R,2,5436,34657,28293874,28328531,United States
Brown Sugar,7,2003,8000000,,PG-13,1372,10738882,27362712,952560,28315272,
The Kid Who Would Be King,1,2019,59000000,132,PG,3521,7173887,16790790,11506193,28296983,United Kingdom
The 33,8,2015,25000000,120,PG-13,2452,5787266,12227722,16059767,28287489,"Chile, United States"
Let Me In,,2010,20000000,115,R,2021,5147479,12134935,16135464,28270399,"United Kingdom, United States"
Thunderbirds,9,2004,55000000,94,PG,2057,2766810,6768055,21463389,28231444,United States
Sin-ui Hansu,7,2014,,128,,,,,28211214,28211214,Republic of Korea
A Single Man,5,2010,7000000,100,R,9,217332,9176000,18966379,28142379,United States
Huà Bì,9,2011,,123,,,,,28134879,28134879,"China, Hong Kong"
Yôkai Watch 3,12,2016,,,,,,,28109609,28109609,Japan
Doogal,,2006,20000000,83,G,2318,3605899,7578946,20479706,28058652,"France, United Kingdom"
The Beguiled,6,2017,10000000,94,R,4,229292,10576669,17462369,28039038,United States
Pokemon 4Ever,,2002,,,G,249,717061,1732301,26300000,28032301,Japan
Willkommen bei den Hartmanns,11,2016,,116,,,,,28023741,28023741,Germany
When Larry Met Mary,7,2016,,,,,,,27971821,27971821,China
The Brothers,,2001,6000000,106,R,1378,10302846,27457409,500782,27958191,United States
Thugs of Hindostan,11,2018,,164,Not,377,1185386,1449848,26492922,27942770,India
Appaloosa,,2008,20000000,114,R,14,248847,20211394,7700059,27911453,United States
Traitor,,2008,22000000,114,PG-13,2054,7868465,23530831,4351395,27882226,United States
Manatsu no hôteishiki,6,2013,,129,,,,,27881203,27881203,Japan
Mrs. Henderson Presents,,2005,20000000,103,R,6,55344,11036366,16800000,27836366,United Kingdom
Operation Fortune: Ruse de guerre,,2022,50000000,114,R,2168,3140214,6496125,21339690,27835815,United States
Po Shchuchemu Veleniyu,10,2023,,,,,,,27818652,27818652,Russian Federation
Playing for Keeps,,2012,35000000,105,PG-13,2837,5750288,13103272,14702360,27805632,United States
RocknRolla,,2008,18000000,110,R,7,144701,5700626,22093713,27794339,"United Kingdom, United States"
Saving Grace,,2000,4000000,93,R,30,287452,12178602,15608247,27786849,United Kingdom
Nurse Betty,,2000,24000000,110,R,1459,7145950,25170054,2562312,27732366,United States
82 nyeonsaeng kimjiyeong,10,2019,,118,,,,,27728277,27728277,Republic of Korea
Sou Suo,7,2012,,121,Not,1,361,1037,27720000,27721037,China
Love & Basketball,,2000,15000000,124,PG-13,1237,8139180,27441122,268503,27709625,Canada
Dark Skies,2,2013,3500000,97,PG-13,2313,8189166,17418667,10285444,27704111,United States
Raajneeti,,2010,,163,Not,124,850244,1514557,26188245,27702802,India
Goal! The Dream Begins,,2006,33000000,121,PG,1007,1921838,4283255,23327618,27610873,United States
The Thing,12,2011,38000000,102,R,2996,8493665,16999934,10573144,27573078,United States
Bol Bachchan,7,2012,,95,PG,98,533965,1257892,26307892,27565784,India
Stay Alive,,2006,20000000,85,PG-13,2009,10726406,23086480,4479034,27565514,United States
The Last Mimzy,,2007,,94,PG,3017,10024819,21471047,6048647,27519694,United States
Gukgabudoui Nal,11,2018,,114,,,,,27519661,27519661,Republic of Korea
Boku no Hero Academia the Movie,8,2018,,96,PG-13,508,1388500,5427591,22079958,27507549,Japan
The Happytime Murders,8,2018,40000000,91,R,3256,9532425,20706452,6799960,27506412,United States
Dilwale,12,2015,,158,Not,265,1920402,4871263,22625703,27496966,India
The Tailor of Panama,,2001,18000000,109,R,199,1837068,13491653,14000000,27491653,
Yesterday Once More,4,2016,,,,,,,27490000,27490000,China
Bumchoiwaui junjaeng,2,2012,,134,,,,,27482633,27482633,Republic of Korea
Ramona and Beezus,,2010,15000000,103,G,2719,7810481,26167002,1302619,27469621,United States
Samyy luchshiy film,,2007,,110,,,,,27464635,27464635,Russian Federation
Ji Jie Hao,,2007,,,,,,,27455208,27455208,China
Schlussmacher,1,2013,,110,R,,,,27416995,27416995,Germany
Ban Ge Xi Ju,12,2019,,111,,,,,27410000,27410000,China
Daai mo seut si,,2013,,129,Not,,,,27394383,27394383,China
The Incredible Burt Wonderstone,3,2013,32000000,100,PG-13,3160,10177257,22537881,4854728,27392609,United States
Clerks II,,2006,5000000,97,R,2150,10061132,24148068,3194178,27342246,United States
Big Eyes,12,2014,10000000,106,PG-13,1307,3001738,14482031,12835841,27317872,United States
Welcome,,2007,,,,,,,27280000,27280000,India
Past Lives,7,2023,12000000,105,PG-13,4,232266,10950663,16328664,27279327,United States
Zwartboek,,2007,22000000,145,R,9,112521,4398532,22839822,27238354,"Belgium, Germany, Netherlands, United Kingdom"
Detective K: Secret of the Lost Island,2,2015,,,,,,,27230725,27230725,Republic of Korea
Observe and Report,,2009,18000000,86,R,2727,11017334,24007324,3141574,27148898,United States
The Cave,,2005,30000000,97,PG-13,2195,6147294,15007991,12140000,27147991,United States
Mongol,,2008,18000000,120,R,5,135326,5705761,21441588,27147349,"Germany, Hong Kong, Kazakhstan, Russian Federation"
Politseyskiy s Rublyovki. Novogodniy bespredel,12,2018,,90,,,,,27061365,27061365,Russian Federation
The Musketeer,,2001,40000000,104,PG-13,2438,10312740,27053815,,,Germany
Belle et Sébastien,12,2013,11400000,99,Not,,,,27042499,27042499,France
Monsoon Wedding,,2002,1200000,113,R,2,68546,13876974,13148626,27025600,India
Un monstre à Paris,5,2022,40000000,,PG,,,,27000219,27000219,France
Relatos salvajes,10,2014,,115,R,4,85100,3107072,23887200,26994272,"Argentina, Spain"
Hors de Prix,,2008,,104,PG-13,24,116308,2164670,24815993,26980663,France
Radin!,9,2016,,89,,,,,26974403,26974403,France
Midnight Sun,3,2018,2800000,91,PG-13,2173,4003993,9561064,17391444,26952508,United States
Rendition,,2007,27500000,122,R,2250,4060012,9736045,17203880,26939925,"South Africa, United States"
Bulletproof Monk,4,2003,52000000,104,PG-13,2955,8653542,23010607,3911885,26922492,"Canada, United States"
You're Next,9,2013,1000000,94,R,2437,7020196,18494006,8393171,26887177,United States
Renfield,4,2023,86203077,93,R,3375,8026475,17297895,9576452,26874347,United States
Doraemon: Nobita's Great Adventure into the Underworld,,2007,,,,,,,26872950,26872950,Japan
The Way Way Back,10,2013,5000000,103,PG-13,19,552788,21502690,5351120,26853810,United States
Aku no kyôten,11,2012,,129,,,,,26837117,26837117,Japan
Jing mo fung wan: Chen Zhen,,2011,,106,R,4,11365,50433,26772008,26822441,Hong Kong
Housefull 2,4,2012,,145,Not,,,1586745,25229912,26816657,India
Judwaa 2,9,2017,,145,Not,192,638045,1431255,25366177,26797432,India
Shoot 'Em Up,,2007,39000000,87,R,2108,5716554,12796824,14000000,26796824,United States
Zu Zong Shi Jiu Dai,2,2018,,90,,,,,26796280,26796280,China
Ae Dil Hai Mushkil,10,2016,,158,Not,302,2191280,4264983,22510584,26775567,India
Sinsegye,2,2013,,135,Not,24,129954,450222,26299320,26749542,Republic of Korea
Baahubali: The Beginning,7,2015,40000000,160,Not,236,3215000,6738000,19998665,26736665,India
Sorority Row,,2009,12500000,101,R,2665,5059802,11965282,14770515,26735797,United States
A Prairie Home Companion,,2006,10000000,105,PG-13,760,4566293,20342852,6373339,26716191,United States
Timeline,2,2004,80000000,116,PG-13,2787,8440629,19480739,7222445,26703184,United States
Kamera o tomeru na!,6,2018,,96,Not,2,6360,52406,26649625,26702031,Japan
Oliver Twist,,2005,65000000,,PG-13,5,68447,2070920,24600000,26670920,United Kingdom
Yattàman,,2009,,,,,,,26669089,26669089,Japan
Legenda No. 17,4,2013,,,,,,,26651774,26651774,"Russian Federation, Spain"
Gekijouban SPEC: Ten,4,2012,,119,,,,,26633141,26633141,Japan
"Uchiage Hanabi, Shita Kara Miru ka? Yoko Kara Miru ka?",8,2017,,90,Not,510,138014,525280,26105422,26630702,Japan
The Way Back,7,2012,,133,PG-13,678,1218867,2719296,23805693,26524989,"United Arab Emirates, United Kingdom"
Apollo 18,3,2012,5000000,87,PG-13,3328,8704271,17686929,8830890,26517819,United States
Gonggongui jeog 3,6,2008,,,,,,,26497132,26497132,Republic of Korea
Master i Margarita,1,2024,,,,,,,26449176,26449176,Russian Federation
Upside Down,8,2012,50000000,113,PG-13,11,28722,102118,26284921,26387039,"Canada, France"
No Manches Frida 2,4,2019,,102,R,472,3831401,9270920,17106879,26377799,United States
Kabhi Khushi Kabhie Gham,,2001,,210,Not,,,2862000,23510000,26372000,India
Geonchukhakgaeron,3,2012,,118,,,,,26369208,26369208,Republic of Korea
Dügün Dernek 2: Sünnet,12,2015,,107,,,,,26367531,26367531,Turkey
The Quiet American,,2002,20000000,101,R,6,101663,12987647,13360556,26348203,United States
Bokura ga ita Zenpen,3,2012,,121,,,,,26324268,26324268,Japan
The Whole Ten Yards,7,2004,30000000,98,PG-13,2654,6685381,16323969,10000000,26323969,United States
The Zookeeper’s Wife,3,2017,20000000,126,PG-13,541,3288835,17445186,8863563,26308749,United States
Orange,12,2015,,139,,,,,26261536,26261536,Japan
Yi Ye Jing Xi,8,2013,,106,,,,,26212188,26212188,China
Blood Work,,2002,50000000,110,R,2525,7312413,26199517,,,United States
The New World,,2005,30000000,150,PG-13,3,20000,12712093,13472307,26184400,United States
U2 3D,,2008,15000000,85,G,61,964315,12898847,13271555,26170402,United States
Your Highness,,2011,50000000,102,R,2769,9360020,21596445,4525193,26121638,United States
Bratz,,2007,,110,PG,1509,4208455,10010209,16075206,26085415,United States
Torrente 4,4,2012,,,,,,,26079076,26079076,Spain
"Paul, Apostle of Christ",3,2018,5000000,113,PG-13,1473,5172585,17547999,8530501,26078500,United States
Un gallo con muchos huevos,8,2015,,99,PG-13,395,3424702,9080818,16991905,26072723,Mexico
Arthur the King,3,2024,,107,PG-13,3003,7633898,23593947,2470132,26064079,United States
Indigènes,,2006,18900000,120,Not,,,320700,25742872,26063572,"Algeria, Belgium, France, Morocco"
Detroit,8,2017,40000000,143,R,20,350190,16790139,9243424,26033563,United States
Kensatsu gawa no zainin,8,2018,,123,,,,,26033246,26033246,Japan
Top Five,3,2015,12000000,101,R,979,6896593,25317379,684362,26001741,United States
Ocean Wonderland,2,2004,,41,,,,,25977417,25977417,France
Love off the Cuff,4,2017,,121,,,,,25976828,25976828,China
What Happened to Monday?,9,2017,,123,,,,,25956932,25956932,"Belgium, France, United Kingdom, United States"
White Boy Rick,12,2018,30000000,111,R,2504,8860431,24004833,1943150,25947983,United States
Triple 9,2,2016,20000000,115,R,2205,6109085,12639297,13304495,25943792,United States
Mao's Last Dancer,12,2011,18000000,117,PG,33,199657,4806750,21134687,25941437,United States
Ali G Indahouse,,2002,,,,,,,25936616,25936616,
Yeongashi,7,2012,,109,,,,,25927961,25927961,Republic of Korea
Platinum Data,3,2013,,133,,,,,25920896,25920896,Japan
Les invasions barbares,4,2004,5000000,99,R,134,461363,8460000,17453869,25913869,"Canada, France"
All About the Benjamins,,2002,14000000,98,R,1505,10007291,25482931,390214,25873145,United States
Saving Silverman,,2001,22000000,90,R,2467,7411852,19351569,6521573,25873142,United States
Our Idiot Brother,5,2012,5000000,95,R,2555,7011631,24814830,1046419,25861249,United States
Rollerball,3,2002,70000000,98,PG-13,2762,9013548,18990542,6861966,25852508,"Germany, Japan, United States"
Fading Gigolo,4,2014,,98,R,5,180801,3747833,22022226,25770059,United States
Nobo no shiro,11,2012,,,,,,,25746258,25746258,Japan
Twenty-Two,8,2017,425000,95,Not,11,22222,22222,25711603,25733825,"China, Republic of Korea"
Ice Princess,,2005,25000000,98,G,2501,6807471,24381334,1351000,25732334,United States
Das Weisse Band: Eine deutsche Kindergeschichte,,2009,18000000,145,R,3,59848,2222862,23504182,25727044,"Austria, France, Germany, Italy"
Civil War,4,2024,50000000,109,R,3838,25712608,25712608,,,"United Kingdom, United States"
The Wind That Shakes the Barley,6,2006,8300000,128,Not,9,76190,1829142,23841032,25670174,"France, Ireland, United Kingdom"
Enough Said,11,2013,8000000,93,PG-13,4,232800,17550872,8070577,25621449,United States
Jonah: A VeggieTales Movie,,2002,14000000,83,G,940,6201345,25571351,37428,25608779,United States
9th Company,,2005,,130,R,,,,25600000,25600000,"Finland, Russian Federation, Ukraine"
A Beautiful Planet,5,2016,,45,"G
(Rating",137,223983,15650615,9927260,25577875,United States
Akinjeon,5,2019,,110,Not,21,78655,216494,25345020,25561514,Republic of Korea
Talaash,11,2012,,139,Not,172,1638706,2706375,22815915,25522290,India
A Tale of Mari and Three Puppies,,2007,,,,,,,25513520,25513520,Japan
Rangasthalam,3,2018,,170,,,,,25495478,25495478,India
Elle s'appelait Sarah,,2011,14500000,106,PG,5,115708,7691700,17788331,25480031,France
Hello World,9,2019,,97,,,,,25479860,25479860,Japan
The Farewell,9,2019,3000000,98,PG,4,351330,17700478,7765535,25466013,United Kingdom
Calendar Girls,9,2003,,83,,,,,25462153,25462153,Sweden
Jolly LLB 2,2,2017,,140,Not,173,774355,1654254,23807260,25461514,India
The Last Exorcism Part II,,2013,4000000,88,PG-13,2700,7728354,15179303,10269404,25448707,United States
Triumph in the Skies,2,2015,,100,Not,,,,25441760,25441760,Hong Kong
Badrinath Ki Dulhania,3,2017,,139,Not,152,862008,1993259,23430658,25423917,India
逆战,,2012,,122,,,,,25414221,25414221,"China, Hong Kong"
Mr. Donkey,10,2016,,111,Not,20,86931,356255,25048315,25404570,China
Persepolis,5,2008,7300000,95,PG-13,7,88826,4443403,20953784,25397187,"France, United States"
Missing Link,4,2019,,94,PG,3413,5944950,16649539,8743697,25393236,Canada
Aloha,5,2015,37000000,105,PG-13,2815,9670235,21052030,4335061,25387091,United States
In America,10,2003,,105,PG-13,11,205229,15539656,9843255,25382911,Ireland
Woori Saengae Choigoeui Soongan,1,2008,,124,,,,,25377585,25377585,Republic of Korea
The Cold Light of Day,4,2012,20000000,93,PG-13,1511,1831588,3763583,21597623,25361206,"Spain, United States"
The Last Legion,,2007,67000000,110,PG-13,2002,2746312,5932060,19425711,25357771,"France, United Kingdom, United States"
Whiskey Tango Foxtrot,4,2016,35000000,111,R,2374,7450275,23083334,2267413,25350747,United States
25th Hour,4,2003,4500000,135,R,5,108865,13084595,12259895,25344490,United States
Tinker Bell and the Legend of the Neverbeast,12,2014,,79,"G
(Rating",,,,25320246,25320246,United States
Xi Yang Yang Yu Hui Tai Lang Zhi Kaixin Chuang Long Nian,1,2012,,85,,,,,25310000,25310000,China
Le prénom,11,2012,11000000,109,Not,25,61611,61611,25245794,25307405,"Belgium, France"
Chen Mo Zheng Ren,8,2019,,100,,,,,25293852,25293852,"China, Hong Kong"
Er ist wieder da,10,2015,,116,Not,,,,25283394,25283394,Germany
Bride & Prejudice,2,2005,7000000,,PG-13,32,385848,6601079,18667961,25269040,
Big Miracle,2,2012,40000000,117,PG,2129,7760205,20157300,5111380,25268680,United States
The Magdalene Sisters,10,2002,,114,R,5,84553,4890878,20327164,25218042,"Ireland, United Kingdom"
Grace of Monaco,5,2014,30000000,103,,,,,25199891,25199891,United States
Race,,2008,,156,PG-13,96,802254,1367024,23828811,25195835,India
Mr. Turner,10,2014,14000000,149,R,5,108638,3958546,21228480,25187026,United Kingdom
Qiàn Nǚ Yōu Hún,,2011,,,,,,,25141990,25141990,"China, Hong Kong"
Bride Wars,8,2015,,,Not,,,,25130000,25130000,China
Corky Romano,,2001,11000000,86,PG-13,2062,9023173,23978402,1137701,25116103,United States
Cursed,6,2005,35000000,97,PG-13,2805,9633085,19294901,5820000,25114901,"Germany, United States"
Ivan Tsarevich i Seryy Volk,12,2011,,75,,,,,25047727,25047727,Russian Federation
Mad Money,,2008,22000000,104,PG-13,2470,7736452,20668843,4375214,25044057,United States
Call of Heroes,8,2016,,120,,,,,25040561,25040561,Hong Kong
Te shu shen fen,10,2013,,99,R,,,,25040000,25040000,China
Born in China,8,2016,,79,"G
(Rating",1508,4790367,13873211,11164532,25037743,"China, United Kingdom, United States"
Zimna wojna,6,2018,4800000,84,R,3,54353,4580048,20450396,25030444,"France, Poland, United Kingdom"
Les Profs 2,7,2015,,92,,,,,24964590,24964590,France
Booksmart,5,2019,6000000,102,R,2505,6933620,22680962,2267179,24948141,United States
Don,3,2019,,115,Not,,,155732,24789490,24945222,Republic of Korea
Before the Devil Knows You're Dead,,2007,,117,R,2,73837,7085511,17823577,24909088,United States
Kurtlar vadisi - Irak,,2006,8300000,,,,,,24906717,24906717,Turkey
Recep Ivedik,,2008,,,,,,,24878340,24878340,Turkey
SoulMate,9,2016,,110,,,,,24859900,24859900,China
Tian Huo Wei Qing,12,2019,,90,,2,861,1105,24824141,24825246,China
Monsieur Lazhar,10,2011,,94,PG-13,28,246410,3371810,21448091,24819901,Canada
Tai Chi Zero,,2012,,94,PG-13,31,85094,212094,24578459,24790553,China
Beijing 2022,5,2023,,103,,,,,24790100,24790100,China
Tees Maar Khan,,2010,,135,Not,108,539793,1076266,23709305,24785571,India
De l'autre côté du périph,12,2012,,96,R,,,8689,24774264,24782953,France
Nebraska,12,2013,12000000,114,R,4,140401,17654912,7106448,24761360,United States
To the Fore,8,2015,,,,,,,24745722,24745722,Hong Kong
Hitchcock,1,2013,,98,PG-13,17,287715,6008677,18734167,24742844,United States
Wǒ Jīng Guò Fēng Bào,5,2023,,,,,,,24732804,24732804,China
Bushi no ichibun,,2007,,,Not,2,5234,60910,24663578,24724488,Japan
Lottery Ticket,,2010,17000000,95,PG-13,1973,10652297,24719879,,,United States
Seed of Chucky,2,2005,29000000,87,R,2059,8774520,17016190,7700000,24716190,United States
Biutiful,,2011,35000000,138,R,59,456930,5101237,19586287,24687524,"Mexico, Spain"
Sparkle,,2012,10000000,112,PG-13,2244,11643342,24397469,262854,24660323,United States
Snezhnaya koroleva 3. Ogon i led,12,2016,,80,,,,,24617186,24617186,Russian Federation
Punch-Drunk Love,3,2003,25000000,97,R,5,367203,17791031,6800000,24591031,United States
Babysitting,1,2015,3400000,85,,,,,24564100,24564100,France
Only the Brave,10,2017,38000000,134,PG-13,2577,6002665,18340051,6215126,24555177,United States
Joe Somebody,,2001,38000000,98,PG,2506,3553725,22770864,1745126,24515990,United States
In the Valley of Elah,,2007,23000000,121,R,9,133557,6777741,17711409,24489150,United States
The Gunman,2,2015,40000000,115,R,2816,5028702,10664749,13813864,24478613,"France, Spain, United Kingdom, United States"
Babysitting 2,12,2015,,,,,,,24476064,24476064,France
I Don't Know How She Does It,11,2011,24000000,89,PG-13,2476,4402201,9659074,14815389,24474463,United States
Pina,2,2011,,103,PG,3,68012,3520458,20940300,24460758,"France, Germany"
A Cure for Wellness,2,2017,,146,R,2704,4356941,8106986,16349994,24456980,United States
Jodaeiye Nader az Simin,,2011,800000,123,PG-13,3,59481,7098492,17327677,24426169,Islamic Republic of Iran
The Shipping News,,2001,35000000,111,R,186,1205174,11405825,13000000,24405825,"Canada, United States"
Bou Chau Mai Sing,7,2015,,104,Not,11,17181,32053,24373245,24405298,Hong Kong
Tsurugidake: Ten no Ki,,2009,,,,,,,24405079,24405079,Japan
The Founder,11,2016,15000000,115,PG-13,1115,3404102,12786053,11617139,24403192,United States
Geugeotmani Nae Sesang,1,2018,,120,Not,,,,24376704,24376704,Republic of Korea
The Dressmaker,10,2015,11900000,118,R,36,185165,2022115,22352794,24374909,Australia
Vacancy,,2007,,85,R,2551,7603376,19063007,5300000,24363007,United States
The Next Best Thing,,2000,25000000,108,PG-13,2007,5870387,14983572,9372190,24355762,United States
Huang Jin Da Jie An,4,2012,,108,,,,,24350000,24350000,China
The In-Laws,7,2003,,98,PG-13,2652,7319848,20440627,3905032,24345659,United States
8-nengoshi no hanayome,12,2017,,119,,,,,24326715,24326715,Japan
The Choice,2,2016,,110,PG-13,2631,6050443,18730891,5593585,24324476,United States
Kambakkht Ishq,,2009,,135,Not,100,768542,1455739,22864442,24320181,India
Ooops! Noah is Gone,4,2015,,87,"G
(Rating",,,,24285049,24285049,"Belgium, Germany, Ireland, Luxembourg"
Eiga Kaibutsu-kun,11,2011,,103,,,,,24266083,24266083,Japan
Camping 3,7,2016,,105,,,,,24224580,24224580,"Belgium, France"
M.S. Dhoni: The Untold Story,9,2016,,184,Not,256,1108650,1801550,22417128,24218678,India
Manyeo,6,2018,,126,Not,,,,24217796,24217796,Republic of Korea
Warrior,4,2012,25000000,139,PG-13,1869,5242107,13657115,10558270,24215385,United States
Ella Enchanted,12,2004,35000000,96,PG,1931,6169030,22913677,1286641,24200318,"Ireland, United Kingdom, United States"
Wanderlust,4,2012,32500000,98,R,2002,6526650,17288155,6871779,24159934,United States
The Guru,,2003,11000000,94,R,62,613485,3051221,21099329,24150550,
Rock Dog,7,2016,60000000,80,PG,2077,3704749,9420546,14727942,24148488,"China, Hong Kong, United States"
Anfea: The Answer,9,2011,,109,,,,,24136016,24136016,Japan
Ong-Bak,3,2005,1100000,,R,387,1334869,4563167,19488685,24051852,Thailand
Swimming Pool,8,2003,7800000,102,R,13,286950,10130108,13891174,24021282,"France, United Kingdom"
Youth,5,2015,13000000,123,R,4,78085,2703296,21298277,24001573,"France, Italy, Switzerland, United Kingdom"
Adrenaline Rush: The Science of Risk,5,2003,,40,Not,,,16933791,7036640,23970431,Canada
Love & Friendship,5,2016,3000000,93,PG,4,133513,14016568,9917807,23934375,"France, Ireland, Netherlands"
Lose to Win,9,2023,,,,,,,23927919,23927919,China
Natsume's Book of Friends The Movie: Tied to the Temporal World,9,2018,,104,,,,,23913019,23913019,Japan
The Alamo,,2004,92000000,137,PG-13,2609,9124701,22406362,1505000,23911362,
The Railway Man,6,2014,18000000,116,R,4,18078,4438438,19471772,23910210,"Australia, United Kingdom"
Hunt for the Wilderpeople,4,2016,2500000,101,PG-13,5,78439,5205471,18695371,23900842,New Zealand
Life as a House,,2001,18000000,,R,29,294056,15652637,8236521,23889158,United States
The Zone of Interest,1,2024,,105,PG-13,4,129934,8576457,15263955,23840412,United Kingdom
Bei Tou Zou De Wu Nian,8,2013,,108,,,,,23840000,23840000,China
Tamjeong 2,6,2018,,116,,,,,23832011,23832011,Republic of Korea
Lissi und der wilde Kaiser,,2007,,,,,,,23828403,23828403,Germany
Da Shang Hai,12,2012,,107,Not,,,,23824720,23824720,"China, Hong Kong"
Amy,7,2015,,127,R,6,222500,8413144,15365441,23778585,United Kingdom
Race,2,2016,5000000,134,PG-13,2369,7353922,19115191,4630581,23745772,"Canada, France, Germany"
Dickie Roberts: Former Child Star,2,2004,17000000,98,PG-13,2026,6660540,22734486,1000000,23734486,United States
Silence,1,2017,46500000,161,R,4,130880,7100177,16626449,23726626,United States
"OSS 117: Le Caire, nid d'espions",7,2021,,99,Not,9,31418,303328,23423032,23726360,France
In the Cut,,2003,12000000,118,R,6,97625,4717455,18976191,23693646,Australia
North Country,,2005,30000000,123,R,2555,6422455,18324242,5352529,23676771,United States
Armored,,2009,20000000,88,PG-13,1915,6511128,15988876,7672162,23661038,United States
Love Aaj Kal,,2009,,140,Not,102,1241762,2430083,21227349,23657432,India
Russian Dolls,,2006,,125,Not,3,16512,326095,23328146,23654241,"France, United Kingdom"
To the Arctic 3D,5,2012,,40,"G
(Rating",50,270228,19128441,4521674,23650115,United States
Eight Crazy Nights,,2002,,71,PG-13,2503,9434175,23607202,,,United States
Baksoogundal,1,2013,,127,,,,,23593168,23593168,Republic of Korea
Hustle & Flow,,2005,2800000,116,R,1013,8017808,22202809,1388974,23591783,United States
Kevin Hart: What Now?,,2016,10000000,96,R,2567,11767210,23591043,,,United States
Domino,,2005,50000000,127,R,2223,4670120,10169202,13404855,23574057,
God’s Not Dead 2,4,2016,5000000,121,PG,2419,7623662,20773069,2778217,23551286,United States
Solace,9,2015,,102,R,,,,23549031,23549031,United States
No Manches Frida,9,2016,,100,PG-13,362,3676235,11528613,12012324,23540937,United States
The Invisible,,2007,,97,PG-13,2019,7717309,20568319,2971947,23540266,United States
Peng ran xin dong,12,2015,,98,Not,36,120074,212508,23303922,23516430,China
Xiao Shi De Zi Dan,10,2012,,108,,,,,23490000,23490000,China
Wish Upon,7,2017,12000000,89,PG-13,2250,5467084,14301505,9175840,23477345,United States
Chinjeolhan geumjassi,,2006,4500000,,Not,2,9850,211667,23260204,23471871,Republic of Korea
Nous finirons ensemble,5,2019,,135,,,,,23470091,23470091,"Belgium, France"
Il y a longtemps que je t'aime,9,2008,,117,Not,10,51831,3169305,20287323,23456628,France
Moteki,9,2011,,118,,,,,23442024,23442024,Japan
Gwi-Hyang,2,2016,,127,Not,,,123704,23303953,23427657,Republic of Korea
Shin Jigen! Crayon Shin-chan the Movie Chonoryoku Dai Kessen: Tobetobe Temakizushi,8,2023,,,,,,,23414354,23414354,Japan
Zhi You Yun Zhi Dao,12,2019,,90,Not,,,,23414292,23414292,China
Du zhan,4,2013,,105,R,1,5926,128195,23268503,23396698,"China, Hong Kong"
Kingdom Come,,2001,7000000,94,PG,1111,7562284,23247539,146400,23393939,United States
Inori no maku ga oriru toki,1,2018,,119,,,,,23376243,23376243,Japan
Antwone Fisher,5,2003,12500000,117,PG-13,15,210013,21078145,2289441,23367586,United States
Reindeer Games,,2000,36000000,104,R,2204,8128356,23360779,,,"Canada, United States"
Hoodwinked Too: Hood vs. Evil,,2011,30000000,86,PG,2505,4108630,10143779,13209332,23353111,United States
Soul Kitchen,4,2010,4900000,,Not,2,20916,276901,23070560,23347461,Germany
Bad Santa 2,11,2016,26000000,92,R,2920,6176680,17782176,5562937,23345113,United States
Middle School: The Worst Years of My Life,10,2016,8500000,92,PG,2822,6878437,20007149,3304144,23311293,United States
Les femmes du 6ème étage,6,2011,,106,Not,,,733294,22562537,23295831,France
La misma luna,,2008,1700000,100,PG-13,266,2769655,12590147,10681594,23271741,"Mexico, United States"
[Rec],11,2007,2100000,78,R,,,,23266821,23266821,Spain
Beasts of the Southern Wild,8,2012,1800000,93,PG-13,4,169702,12795746,10469386,23265132,United States
Turkisch fur Anfanger,3,2012,,105,,,,,23256073,23256073,"Germany, Thailand"
Before Midnight,5,2013,3000000,108,R,5,246914,8110621,15130568,23241189,"Greece, United Kingdom, United States"
Free State of Jones,7,2016,50000000,139,R,2815,7572206,20810036,2427216,23237252,United States
It Follows,2,2015,2000000,107,R,4,160089,14674077,8562219,23236296,United States
Kuai Le Dao Jia,1,2013,,97,,,,,23210000,23210000,China
The Peanut Butter Falcon,8,2019,6200000,93,PG-13,17,204793,20457158,2734393,23191551,United States
CHiPS,3,2017,25000000,100,R,2464,7722802,18600152,4590140,23190292,United States
Super Troopers,,2002,1200000,103,R,1780,6203906,18492362,4689861,23182223,United States
Once,9,2007,150000,82,R,2,61901,9445857,13705412,23151269,Ireland
Joyeux Noël,,2006,22000000,,PG-13,6,42732,1054361,22079714,23134075,"Belgium, France, Germany, Romania, United Kingdom"
New Happy Dad and Son 3: Adventure in Russia,7,2018,,80,,,,,23130468,23130468,China
The Invisible Guest,12,2023,,106,,,,,23125794,23125794,China
Dark Waters,11,2019,,126,PG-13,4,102606,11136084,11970887,23106971,United States
Gekijoban Ossan zu Rabu Love or Dead,8,2019,,,,,,,23027976,23027976,Japan
American Fiction,2,2024,,117,R,7,224469,21098470,1927773,23026243,United States
"I Love You, Phillip Morris",,2010,13000000,100,R,7,112712,2037459,20976568,23014027,"France, United States"
Lewis & Clark: Great Journey West,,2002,,,,,,,23000000,23000000,United States
Aquamarine,,2006,12000000,104,PG,2512,7482669,18597342,4381611,22978953,United States
African Cats,4,2012,,89,"G
(Rating",1220,6003200,15428747,7517860,22946607,United States
Sidong,12,2019,,,,,,,22940076,22940076,Republic of Korea
Vyzov,4,2023,,,,,,,22938820,22938820,Russian Federation
Habemus Papam,12,2011,,104,Not,3,31368,486902,22445245,22932147,"France, Italy"
The Ruins,,2008,25000000,90,R,2812,8003421,17432844,5477719,22910563,"Australia, United States"
La Vie d'Adèle – Chapitres 1 & 2,10,2013,5250000,179,NC-17,,,2450504,20444647,22895151,United States
Baggage Claim,10,2013,8500000,96,PG-13,2027,9031102,21569509,1316327,22885836,United States
Julieta,4,2016,,98,R,,,1489848,21389660,22879508,Spain
The Glass House,,2001,22000000,120,PG-13,1591,5738448,17951431,4910354,22861785,United States
Alatriste,,2007,28000000,145,,,,,22860477,22860477,Spain
Bu-reo-jin hwa-sal,1,2012,,100,,,,,22852811,22852811,Republic of Korea
Paris,10,2008,,130,R,1,49954,1010194,21840000,22850194,France
Won’t You Be My Neighbor?,9,2018,,94,PG-13,29,475419,22835787,11872,22847659,United States
Monkey Man,4,2024,,120,R,3029,10119435,17765000,5082000,22847000,"Canada, United States"
A Perfect Getaway,9,2012,14000000,97,R,2159,5948555,15515460,7300000,22815460,United States
Shéntàn púsōng líng,2,2019,,108,Not,,,,22799838,22799838,China
Dr. T and the Women,,2000,,,R,1489,5012867,13065561,9731250,22796811,
Santa vs. The Snowman,11,2002,,32,Not,9,60007,10259134,12500000,22759134,United States
Le Scaphandre et le Papillon,2,2008,14000000,112,PG-13,3,75721,5990075,16764397,22754472,"France, United States"
Young Adult,3,2012,12000000,94,R,8,310263,16311571,6438785,22750356,United States
Polisse,6,2012,8900000,127,Not,3,16568,176988,22567144,22744132,France
Desu Noto 3: L: Change the World,,2008,,,,,,,22730665,22730665,Japan
Black and Blue,10,2019,12000000,108,R,2062,8376846,22012729,717415,22730144,United States
Raia Gemu Saisei,3,2012,,131,,,,,22713078,22713078,Japan
The Accidental Husband,,2009,,,PG-13,,,,22707064,22707064,"Ireland, United States"
Extraordinary Mission,3,2017,,122,,,,,22682660,22682660,"China, Hong Kong"
Xia You Qiao Mu,7,2016,,93,Not,9,21439,31538,22624185,22655723,"China, Republic of Korea"
Gekijouban Poketto monsutâ: Minna no Monogatari,7,2018,,112,Not,,,,22630448,22630448,Japan
Seupai,9,2013,,121,,,,,22614450,22614450,Republic of Korea
Bullet to the Head,1,2013,55000000,91,R,2404,4548201,9489829,13108140,22597969,United States
Trance,3,2013,16000000,101,R,4,131145,2322593,20271459,22594052,"France, United Kingdom"
City by the Sea,2,2003,40000000,108,R,2575,8935426,22433915,72017,22505932,United States
Cassandra's Dream,,2008,,,PG-13,107,361901,973018,21505120,22478138,"France, United Kingdom, United States"
Ba Li Gong Lue,8,2018,,130,,,,,22446966,22446966,Hong Kong
Imagine That,,2009,55000000,115,PG,3008,5503519,16222392,6215752,22438144,United States
Disco,,2008,,103,,,,,22437089,22437089,France
Chernaya Molniya,,2009,,100,,,,,22435112,22435112,Russian Federation
The Prodigy,2,2019,6000000,100,R,2530,5853061,14856291,7556854,22413145,"Hong Kong, United States"
Two Can Play That Game,,2001,13000000,90,R,1297,7720942,22235901,155549,22391450,
Late Night,6,2019,4000000,102,R,4,246305,15500045,6873333,22373378,United States
Yun Nan Chong Gu Yunnan Valley,12,2018,,110,Not,17,50583,101516,22268448,22369964,China
Épouse-moi mon pote,10,2017,6000000,92,Not,,,,22367263,22367263,France
The Light Between Oceans,9,2016,20000000,132,PG-13,1500,4765838,12545979,9735753,22281732,"Australia, India, New Zealand, United Kingdom, United States"
The Guernsey Literary and Potato Peel Pie Society,4,2018,,124,,,,,22253795,22253795,"United Kingdom, United States"
Super Size Me,6,2004,65000,100,PG-13,41,516641,11529368,10704440,22233808,United States
Waitress,,2007,1500000,107,PG-13,4,92034,19097550,3119633,22217183,United States
Joy Ride,8,2002,23000000,97,R,2497,7347259,21973182,231708,22204890,United States
NASCAR: The IMAX Experience,9,2004,,48,PG,68,1467406,21550235,649121,22199356,"Canada, United States"
My Blueberry Nights,,2008,10000000,,PG-13,6,74146,866778,21332218,22198996,"France, Hong Kong"
To Be and To Have,6,2003,,104,Not,3,20528,7610471,14566128,22176599,France
The Marine,,2006,15000000,91,PG-13,2545,7138774,18844784,3320824,22165608,United States
The Infiltrator,8,2016,47500000,127,R,1601,5303775,15436808,6715329,22152137,United States
Three Kingdoms: Resurrection of the Dragon,,2010,20000000,,R,,,,22139590,22139590,"China, Hong Kong, Republic of Korea"
El Clan,8,2015,5500000,108,R,3,12519,201227,21923875,22125102,"Argentina, Spain"
Ip Man,4,2009,,108,R,,,,22114423,22114423,Hong Kong
Fifty Shades of Black,1,2016,5000000,93,R,2075,5900528,11686940,10426135,22113075,United States
The Medallion,,2003,41000000,88,PG-13,2648,8111324,22108977,,,Hong Kong
Biker Boyz,6,2003,,111,PG-13,1766,10106992,21908034,197276,22105310,
Man of the House,,2005,50000000,100,PG-13,2422,8917251,19699706,2400000,22099706,United States
The Glass Castle,8,2017,,127,PG-13,1461,4678548,17273059,4807990,22081049,United States
Tout le Monde Debout,3,2018,,107,,,,,22078709,22078709,"Belgium, France"
Nosotros Los Nobles,3,2013,,108,PG-13,,,19700,22053611,22073311,Mexico
Solomon Kane,,2012,40000000,104,R,,,,22024849,22024849,"Czech Republic, France, United Kingdom"
The Man with the Iron Fists,11,2012,15000000,95,R,1868,7910980,15634090,6384898,22018988,United States
Seumool,3,2015,,115,,,,,22007889,22007889,Republic of Korea
Love Live! The School Idol Movie,6,2015,,99,Not,,,,22006590,22006590,Japan
A Rainy Day in New York,7,2019,,92,PG-13,6,2744,2744,22000000,22002744,United States
Ai Kaen Seupikeu,9,2017,,119,,,,,21998495,21998495,Republic of Korea
Meitantei Conan: Senritsu no furu sukoa,4,2008,,116,,,,,21997163,21997163,Japan
Black or White,5,2015,9000000,121,PG-13,1823,6213362,21571189,399832,21971021,United States
Unaccompanied Minors,,2006,25000000,87,PG,2775,5815474,16655224,5315607,21970831,United States
Feichang Xingyun,,2013,8000000,114,Not,,,,21970000,21970000,China
Love Don't Cost a Thing,,2003,,,PG-13,1844,6315311,21897389,39846,21937235,United States
Herutâ sukerutâ,7,2012,,127,,,,,21927919,21927919,Japan
Viva La Vida,2,2024,,,,,,,21921662,21921662,China
Partner,,2007,,136,Not,58,584245,1062840,20853261,21916101,India
"Io, Loro e Lara",,2010,,,,,,,21903000,21903000,Italy
Flicka,,2006,15000000,95,PG,2877,7703551,21000147,896220,21896367,"United Kingdom, United States"
Just Wright,,2010,12000000,100,PG,1831,8284989,21540363,327302,21867665,United States
Reno 911!: Miami,,2007,10000000,80,R,2702,10273477,20342161,1509201,21851362,United States
Mr. 3000,,2004,30000000,,PG-13,2736,8679028,21800302,26994,21827296,United States
Melancholia,11,2011,9400000,135,R,19,257174,3030848,18786450,21817298,"Denmark, France, Germany, Sweden"
Boys and Girls,,2000,16000000,94,PG-13,1983,7008950,21799652,,,United States
Fair*Game,,2010,,105,PG-13,46,651082,9540691,12252214,21792905,United States
Pokémon the Movie XY: Ring no Chomajin Hoopa,7,2015,,79,,,,,21786128,21786128,Japan
Live by Night,1,2017,65000000,129,R,4,33336,10378555,11395877,21774432,United States
Little Black Book,,2004,30000000,106,PG-13,2445,7075217,20422207,1336164,21758371,United States
Son of Sardaar,11,2012,,,Not,,,713754,21034074,21747828,India
Se Eu Fosse Voce 2,,2009,,,,,,,21734431,21734431,Brazil
7 gwanggu,8,2011,,101,,,,,21729647,21729647,Republic of Korea
Proud Mary,1,2018,30000000,88,R,2125,9959053,20868638,840901,21709539,United States
Animal,12,2023,,182,,700,6524573,15000076,6681461,21681537,India
White Oleander,,2002,16000000,,PG-13,1510,5607480,16357770,5300000,21657770,
Wan Wu Sheng Zhang,4,2015,,106,Not,,,,21630000,21630000,China
Doomsday,,2008,33000000,109,R,1936,4926565,11008770,10612418,21621188,"Germany, South Africa, United Kingdom, United States"
Wild Child,,2009,,,PG-13,,,,21618331,21618331,United States
Crayon Shin-chan: Fast Asleep! Dreaming World Big Assault!,4,2016,,97,,,,,21600242,21600242,Japan
Over Her Dead Body,,2008,10000000,95,PG-13,1977,4025115,7570127,14025947,21596074,United States
Pokemon za mubi XY and Z borukenion to kiko,7,2016,,90,,,,,21594899,21594899,Japan
Ai Qing Gong She,3,2016,,90,,,,,21590284,21590284,China
Wicker Park,12,2004,30000000,114,PG-13,2598,5467281,13001257,8575819,21577076,United States
Kon-Tiki,8,2012,,118,PG-13,2,22168,1517410,20054692,21572102,Norway
Papa ou maman,2,2015,,,Not,,,,21552188,21552188,"Belgium, France"
The Rum Diary,4,2012,45000000,122,R,2272,5135369,13109815,8434917,21544732,United States
Mom,7,2017,,146,,,,,21535056,21535056,India
The Prison,3,2017,,125,Not,23,80376,207481,21315070,21522551,Republic of Korea
"Are You There God? It’s Me, Margaret",5,2023,30000000,105,PG-13,3343,6739037,20372406,1125786,21498192,United States
Desu Noto,,2008,,,,,,,21497802,21497802,Japan
The Man Who Wasn't There,12,2001,,117,R,39,664404,7494849,14000000,21494849,United States
Eiga doraemon: Shin. Nobita no uchû kaitakushi,,2009,,,,,,,21463266,21463266,Japan
Da Shi Xiong,8,2018,,101,Not,25,41225,85624,21366084,21451708,Hong Kong
Unplanned,10,2019,6000000,110,R,1059,6382298,19005109,2408494,21413603,United States
Our Family Wedding,,2010,14000000,103,PG-13,1605,7629862,20255281,1155265,21410546,United States
Arn - Tempelriddaren,,2007,16500000,139,R,,,,21404122,21404122,"Denmark, Finland, Germany, Norway, Sweden"
If Beale Street Could Talk,1,2019,12000000,119,R,4,224476,14915773,6482598,21398371,United States
Daensing Kwin,1,2012,,124,,,,,21387594,21387594,Republic of Korea
Cold Creek Manor,,2003,,119,R,2035,8190574,21384035,,,"Canada, United Kingdom, United States"
Penelope,,2008,,90,PG,1196,3802144,10011996,11363170,21375166,United States
Center Stage,,2000,18000000,113,PG-13,1506,4604621,17200925,4160184,21361109,United States
Shaft,,2019,30000000,105,R,2952,8901419,21360215,,,United States
Waist Deep,,2006,,97,R,1004,9404180,21344312,,,United States
Captain Fantastic,7,2016,5000000,119,R,4,93824,5879835,15460399,21340234,United States
Buried,4,2012,1987650,94,R,11,100268,1044143,20226147,21270290,"Australia, Spain"
Kajang Botongui Yeonae,10,2019,,109,,,,,21253248,21253248,Republic of Korea
Happy-Go-Lucky,,2008,,118,R,4,73867,3512016,17722163,21234179,United Kingdom
Nazotoki Wa Dinner No Ato De,8,2013,,121,,,,,21216502,21216502,Japan
A Haunted House 2,4,2014,4000000,87,R,2310,8843875,17329487,3877374,21206861,United States
The Guard,7,2012,6000000,96,R,4,76834,5359774,15837680,21197454,Ireland
ATL,,2006,17000000,107,PG-13,1602,11554404,21170563,,,United States
New York Minute,7,2004,40000000,91,PG,3006,5962106,14018364,7138351,21156715,United States
Hotel Mumbai,2,2019,17300000,123,R,4,88065,9619500,11513355,21132855,Australia
Atrapa la bandera,8,2015,,,PG,,,,21131406,21131406,Spain
The Divine Weapon,,2008,,134,,,,,21122661,21122661,Republic of Korea
Ayla,10,2017,,125,,,,,21107423,21107423,Turkey
Minha Vida em Marte,12,2018,,110,,,,,21105636,21105636,Brazil
Malmoi,1,2019,,135,,,,,21099312,21099312,Republic of Korea
The Banquet,,2007,,131,,,,,21094782,21094782,China
The Company You Keep,12,2012,2000000,125,R,5,131718,5132442,15955318,21087760,United States
Radical,7,2023,,125,PG-13,419,2658047,8702731,12340250,21042981,Mexico
Saltburn,11,2023,,127,R,7,322651,11425829,9615737,21041566,"United Kingdom, United States"
Father Figures,12,2017,25000000,113,R,2902,3287451,17501244,3537197,21038441,United States
22 nenme no Kokuhaku: Watashi ga Satsujinhan desu,6,2017,,118,,,,,21001632,21001632,Japan
They Shall Not Grow Old,11,2018,,99,R,1142,,17956913,3021610,20978523,"New Zealand, United Kingdom"
The Devil’s Rejects,,2005,7000000,,R,1757,7067335,17044981,3895447,20940428,
Nosso Lar,9,2023,,,,,,,20932364,20932364,Brazil
Der 7bte Zwerg,1,2015,,87,PG,,,,20930000,20930000,Germany
Red Dog,,2011,9100000,,PG,,,,20927794,20927794,Australia
El Nino,8,2014,,136,Not,,,245,20917740,20917985,Spain
Alad’2,10,2018,,98,,,,,20917377,20917377,France
Neoeui kyeol hoonsik,8,2018,,110,,,,,20901029,20901029,Republic of Korea
Lyod 3,2,2024,,,,,,,20899688,20899688,Russian Federation
Khumba,10,2013,15000000,85,Not,,,,20898221,20898221,South Africa
Amores Perros,4,2001,2000000,153,R,2,61047,5383834,15500000,20883834,Mexico
The Hitcher,,2007,,84,R,2835,7818239,16379582,4476064,20855646,United States
Georgia Rule,,2007,20000000,113,R,2523,6773870,18882880,1936721,20819601,United States
Le Grand Chef,,2007,,,,,,,20794760,20794760,Republic of Korea
A Thousand Words,3,2012,40000000,91,PG-13,1890,6176280,18450127,2340359,20790486,United States
Mulholland Drive,2,2002,15000000,87,R,66,587591,7219578,13560990,20780568,"France, United States"
Left Behind,7,2015,16000000,111,PG-13,1825,6300146,14019924,6749285,20769209,United States
Hanbando,,2006,,147,,,,,20766123,20766123,Republic of Korea
Hotaru no Hikari,6,2012,,,,,,,20753277,20753277,"Italy, Japan"
Les Lyonnais,5,2012,,,R,,,,20747278,20747278,"Belgium, France"
Superfly,7,2018,16000000,116,R,2220,6870740,20537137,202186,20739323,United States
Alex Rider: Operation Stormbreaker,,2006,40000000,,PG,221,215177,659210,20063240,20722450,"Germany, United Kingdom, United States"
Eurotrip,8,2004,25000000,92,R,2512,6711384,17718223,3000000,20718223,"Czech Republic, United States"
Friends Mononoke-jima no Naki,12,2011,,87,,,,,20715574,20715574,Japan
Best in Show,,2000,6000000,90,PG-13,13,413436,18621249,2074164,20695413,
Keanu,7,2016,15000000,98,R,2658,9453224,20591853,96288,20688141,United States
Sonu Ke Titu Ki Sweety,2,2018,,138,,,,,20686846,20686846,India
1944,7,2016,,100,,,,,20615138,20615138,"Estonia, Finland"
Dead Silence,,2007,20000000,90,R,1805,7842725,16574590,4040071,20614661,United States
Walk Hard: The Dewey Cox Story,1,2008,35000000,96,R,2650,4174383,18317151,2288902,20606053,United States
Country Strong,,2010,15000000,120,PG-13,2,30452,20218921,383066,20601987,United States
Bobby,,2006,14000000,116,R,2,69039,11242801,9355005,20597806,United States
Cocktail,,2012,,146,Not,96,647956,1027121,19569638,20596759,India
Raid,3,2018,,120,Not,79,423817,1010385,19578006,20588391,India
Tubelight,6,2017,,170,Not,338,930058,930058,19630866,20560924,India
The Last Castle,,2001,60000000,132,R,2262,7088213,18208078,2333590,20541668,United States
Easy Virtue,,2009,14000000,96,PG-13,10,110443,2656784,17880957,20537741,United Kingdom
Cock and Bull,9,2016,,113,Not,12,33231,82778,20434698,20517476,China
My Life in Ruins,,2009,17000000,95,PG-13,1164,3223161,8677425,11800000,20477425,United States
Chilgeup gongmuwon,,2009,,,,,,,20468524,20468524,Republic of Korea
The Nutcracker in 3D,,2010,90000000,108,PG,45,65944,195459,20270557,20466016,"Hungary, United Kingdom"
Shiwan Ge Lengxiaohua 2,8,2017,,101,,,,,20460352,20460352,China
Margin Call,10,2011,3400000,109,R,56,561906,5353586,15079641,20433227,United States
The Death of Stalin,10,2017,,107,R,4,184805,8047856,12383708,20431564,"France, United Kingdom"
Alien Adventure,,2000,,35,Not,4,38410,5017383,15410295,20427678,"Belgium, United States"
Shame,2,2012,6500000,99,NC-17,10,349519,4002293,16410548,20412841,United Kingdom
The Last Voyage of the Demeter,8,2023,45000000,119,R,2715,6504950,13637180,6760468,20397648,"Germany, Italy, Malta, United Kingdom, United States"
The Sapphires,8,2012,9000000,99,PG-13,4,38372,2450867,17944173,20395040,Australia
Hyeong,11,2016,,110,Not,,,51772,20340567,20392339,Republic of Korea
Valentine,,2001,10000000,96,R,2310,10024648,20384136,,,United States
Guy Ritchie’s The Covenant,6,2023,,123,R,2611,6380188,16938039,3439374,20377413,"Spain, United Kingdom"
Gonjiam: Haunted Asylum,3,2018,,93,Not,2,19017,115252,20230328,20345580,Republic of Korea
Delhi Belly,5,2012,,103,Not,89,581943,1532594,18757072,20289666,India
The Namesake,,2007,8500000,122,PG-13,6,248552,13610521,6678253,20288774,United States
Tarzan,1,2014,,,PG,,,,20200000,20200000,Germany
Die Fälscher,,2008,6250000,98,R,8,87514,5488570,14711093,20199663,"Austria, Germany"
Hodejegerne,3,2012,5250000,100,R,4,43013,1200010,18984198,20184208,"Germany, Norway"
Beerfest,,2006,17500000,110,R,2964,7031228,19185184,974132,20159316,United States
Serving Sara,,2002,29000000,99,PG-13,2154,5758236,16930185,3215965,20146150,United States
Gekijoban Kamen Raida Ozu Wandafuru: Shogun to Niju-ichi no Koa Medaru/Kaizoku Sentai Gokaija Za Mubi Sora Tobu Yureisen,,2011,,,,,,,20145961,20145961,Japan
Yedinci Koğuştaki Mucize,10,2019,,132,,,,,20145623,20145623,Turkey
Hirugao,6,2017,,125,,,,,20129137,20129137,Japan
Nanjing! Nanjing!,,2009,12000000,135,R,1,5610,122558,20000000,20122558,China
Legends of Oz: Dorothy’s Return,2,2015,70000000,88,PG,2658,3747780,8462347,11645586,20107933,United States
Dieses bescheuerte Herz,12,2017,,104,,,,,20096261,20096261,Germany
"Shokubutsu zukan: Unmei no koi, hiroimashita",6,2016,,112,,,,,20084529,20084529,Japan
Reign Over Me,,2007,20000000,124,R,1671,7460690,19661987,420000,20081987,United States
Gu Jian Qi Tan Zhi Liu Yue Zhao Ming,10,2018,,90,,,,,20079528,20079528,China
Bharat Ane Nenu,4,2018,,173,Not,305,2663090,2663090,17406688,20069778,India
Who Sleeps My Bro,4,2016,,96,,,,,20069212,20069212,China
Blindness,,2008,25000000,121,R,1690,1950260,3073392,16979566,20052958,"Brazil, Canada, Japan"
Saawariya,,2007,,,PG,85,542192,885574,19166882,20052456,India
Down to You,,2000,9000000,,PG-13,1971,7602507,20035310,,,
I Heart Huckabees,12,2004,22000000,105,R,4,292177,12784713,7250000,20034713,United States
Tai Chi Hero,,2013,,102,Not,7,12624,30830,19985212,20016042,China
Another Year,11,2010,8000000,129,PG-13,6,111869,3205706,16799907,20005613,United Kingdom
Gao Gen Xie Xian Sheng,1,2016,,94,,,,,20003920,20003920,China
Ho Voglia Di Te,,2007,,,,,,,20000000,20000000,Italy
Rubbeldiekatz,12,2011,,113,,,,,19954186,19954186,Germany
Sadako 3D,5,2012,,97,,,,,19949419,19949419,Japan
Frailty,,2002,11000000,99,R,1497,4208655,13110448,6836832,19947280,
crazy/beautiful,,2001,13000000,99,PG-13,1601,4715060,16929123,3000000,19929123,
Un Prophète,,2010,13000000,149,R,9,163773,2087720,17822904,19910624,France
Soshite chichi ni naru,10,2013,,120,Not,2,16500,333678,19563056,19896734,Japan
Caché,,2005,8000000,118,R,5,57010,3647381,16243950,19891331,
Get Over It,,2001,10000000,,PG-13,1742,4134977,11560259,8300000,19860259,
Cabrini,3,2024,50000000,142,PG-13,2840,7168520,19132494,722058,19854552,United States
Melinda and Melinda,5,2005,,99,PG-13,1,74238,3826280,16000000,19826280,United States
Royal Treasure,1,2016,,90,,,,,19800196,19800196,China
Kono sekai no katasumi ni,11,2016,3750000,130,PG-13,,,,19794935,19794935,Japan
Gekijouban Fate/Stay Night: Heaven's Feel - II. Lost Butterfly,1,2019,,117,,,,,19790000,19790000,Japan
Ye Wen hui chuan: Zhang Tianzhi,12,2018,,108,Not,61,92663,209454,19572493,19781947,"China, Hong Kong"
Anatomie d'une chute,8,2023,,150,R,5,117848,5076369,14692189,19768558,France
Amelia,,2009,40000000,111,PG,820,3904047,14279575,5476502,19756077,"Canada, United States"
It Comes at Night,6,2017,5000000,91,R,2533,5988370,13985117,5735086,19720203,United States
Summer Catch,,2001,17000000,108,PG-13,2335,7018593,19693891,,,
Youth in Revolt,,2010,18000000,90,R,1873,6888334,15285588,4400000,19685588,United States
Paw Patrol Mighty Pups: The Movie,10,2018,,64,,,,,19668014,19668014,Canada
Shackleton's Antarctic Adventure,11,2001,,,Not,,,15553324,4113837,19667161,United States
Blackhat,1,2015,70000000,133,R,2567,3901815,8005980,11659024,19665004,United States
Neuilly Sa Mère,,2009,8200000,,,,,,19637575,19637575,France
Go-ji-jeon,,2012,,133,,,,,19603449,19603449,Republic of Korea
Dead Man Down,3,2013,30000000,118,R,2188,5345250,10895295,8704679,19599974,United States
Prityazhenie,1,2017,6000000,130,,,,,19594567,19594567,Russian Federation
Before I Go to Sleep,1,2015,22000000,92,R,1935,1843347,3242457,16321122,19563579,United Kingdom
The Perfect Man,,2005,10000000,100,PG,2087,5300980,16535005,3000000,19535005,United States
Blinded by the Light,8,2019,15000000,114,PG-13,2307,4333305,11901145,7628769,19529914,United Kingdom
View from the Top,,2003,,87,PG-13,2508,7009513,15614000,3912014,19526014,United States
Le tout nouveau testament,9,2015,8700000,116,Not,6,10422,127910,19371946,19499856,"Belgium, France, Luxembourg"
Harold & Kumar Go to White Castle,9,2004,9000000,88,R,2135,5480378,18225165,1249387,19474552,United States
Mokgyeokja,8,2018,,111,,,,,19469123,19469123,Republic of Korea
Andarushia: Megami No Houfuku,,2011,,,,,,,19446029,19446029,Japan
Crayon Shinchan Vol. 23,4,2015,,97,,,,,19445580,19445580,Japan
Gong fu guan lan,,2008,,100,,,,,19428291,19428291,"China, Hong Kong, Taiwan, Province of China"
Get Carter,,2000,40000000,102,R,2315,6637830,14967182,4450000,19417182,
Ordinary Angels,3,2024,,116,PG,3020,6163600,19174421,238460,19412881,United States
The Human Stain,3,2004,,106,R,160,1034195,5381227,13998160,19379387,United States
The Lost City of Z,3,2017,30000000,140,PG-13,4,110175,8574339,10783745,19358084,United States
Sekigahara,8,2017,,150,,,,,19356048,19356048,Japan
Tuck Everlasting,,2002,15000000,96,PG,1185,5268764,19161999,182616,19344615,
The Leisure Seeker,1,2018,,112,R,28,113708,3224126,16116412,19340538,"France, Italy"
Deep Blue,12,2004,,,G,2,8373,132261,19200000,19332261,
71: Into the Fire,,2010,,,Not,20,115927,159335,19162346,19321681,Republic of Korea
Rock Star,,2001,38000000,106,R,2525,6018636,16991902,2325863,19317765,United States
Le renard et l'enfant,,2008,,,,,,,19317689,19317689,France
Hors normes,10,2019,,114,,,,,19314289,19314289,France
Kaguyahime no monogatari,11,2013,,137,PG,3,54915,1506975,17805726,19312701,Japan
Sheng Tang Wei Ji,7,2015,,122,,,,,19305207,19305207,"China, Republic of Korea"
Foxcatcher,11,2014,24000000,134,R,6,270877,12096300,7206758,19303058,United States
Bandidas,,2006,35000000,93,PG-13,,,,19282590,19282590,"France, Mexico, United States"
Memoir of a Murderer,8,2017,,118,Not,8,27665,91335,19191200,19282535,Republic of Korea
2046,10,2004,12000000,129,R,4,113074,1442338,17836260,19278598,Hong Kong
Michael Jordan to the MAX,10,2020,7000000,46,Not,41,578141,18642318,633949,19276267,United States
Be My Family,11,2023,,113,,,,,19249994,19249994,China
Geukbisusa,6,2015,,108,,,,,19243890,19243890,Republic of Korea
Half Past Dead,2,2003,25000000,98,PG-13,2113,7820536,15567860,3665420,19233280,"Germany, United States"
Kwik,,2012,,,Not,,,,19225149,19225149,Republic of Korea
Martin Lawrence Live: RunTelDat,,2002,3000000,103,R,752,7374049,19184820,,,United States
Auf der anderen Seite,,2008,,123,Not,1,18593,742349,18442280,19184629,"Germany, Turkey"
The Visitor,12,2008,4000000,103,PG-13,4,86488,9427026,9747791,19174817,United States
Ladies in Lavender,3,2005,,103,PG-13,22,149224,6759422,12408873,19168295,United Kingdom
Hiroin shikkaku,9,2015,,112,,,,,19161660,19161660,Japan
A Mighty Heart,,2007,15000000,108,R,1355,3948863,9176787,9976781,19153568,United States
Capitalism: A Love Story,,2009,20000000,127,R,4,231964,14363397,4758134,19121531,United States
Champions,3,2023,,123,PG-13,3030,5148740,16397335,2717892,19115227,United States
Oolong Courtyard:Kung Fu School,8,2018,,103,Not,10,19065,19065,19091231,19110296,China
The Edge of Seventeen,12,2016,9000000,99,R,1945,4754215,14431633,4664370,19096003,United States
All of Us Strangers,1,2024,,105,R,4,117965,4050103,15009490,19059593,"United Kingdom, United States"
The Drop,3,2015,12600000,107,R,809,4104552,10724389,8330145,19054534,United States
Detective Conan: Jolly Roger in Deep Azure,4,2007,,95,,,,,19035565,19035565,Japan
Xia Yi Ren: Qian Ren,4,2019,,90,Not,14,46720,91884,18914072,19005956,"China, Taiwan, Province of China"
The World's Fastest Indian,10,2005,25000000,127,PG-13,114,400782,5128124,13863164,18991288,"New Zealand, United States"
En kongelig affære,,2012,,137,R,7,38212,1546761,17436516,18983277,"Czech Republic, Denmark, Germany, Sweden"
The Heir Apparent: Largo Winch,,2011,,108,Not,4,2830,10352,18957408,18967760,"Belgium, Croatia, France"
Akeelah and the Bee,,2006,8000000,112,PG,2195,6011585,18848430,110994,18959424,United States
Before I Fall,3,2017,5000000,99,PG-13,2346,4690214,12241072,6704610,18945682,United States
Les invisibles,1,2019,,102,,,,,18930111,18930111,France
Unfair the End,9,2015,,108,,,,,18913492,18913492,Japan
Desu nôto: Light Up the New World,10,2016,,135,,,,,18901839,18901839,Japan
Whip It,,2009,15000000,111,PG-13,1721,4650812,13077184,5812788,18889972,United States
Shark Night 3D,,2011,25000000,85,PG-13,2806,8404260,18877153,,,United States
J’accuse,6,2019,,132,,,,,18875065,18875065,"France, Italy"
Mine Vaganti,6,2012,9100000,110,Not,,,,18872126,18872126,Italy
Immaculate,3,2024,,89,R,2354,5338921,15286519,3577733,18864252,"Italy, United States"
Les misérables,8,2019,,103,R,4,24154,330181,18519566,18849747,France
Gegege no Kitarô: Sennen noroi uta,7,2008,,,,,,,18836036,18836036,Japan
See No Evil,,2006,8000000,,R,1257,4581233,15032800,3795236,18828036,United States
Micmacs,,2010,42000000,105,R,4,42751,1259693,17561883,18821576,France
Duck Duck Goose,2,2018,,82,PG,,,,18783530,18783530,United States
The Rebound,,2012,,95,R,,,,18774608,18774608,United States
The Merchant of Venice,6,2009,30000000,131,R,4,69868,3765585,15000000,18765585,United States
Fu zi xiong bing,7,2017,,105,,,,,18764048,18764048,China
Jojakdwen doshi,2,2017,,126,,,,,18755496,18755496,Republic of Korea
Greta,2,2019,,98,R,2411,4481910,10544310,8201558,18745868,"Ireland, United States"
Asura : The City of Madness,9,2016,,136,Not,2,21253,174501,18562127,18736628,Republic of Korea
Admission,3,2013,13000000,117,PG-13,2160,6154984,18007317,726349,18733666,United States
The Wife,7,2018,,100,R,4,108284,9599982,9131427,18731409,"Sweden, United Kingdom, United States"
Jûsan-nin no shikaku,,2011,6000000,125,R,4,45854,802778,17924662,18727440,"Japan, United Kingdom"
Housefull,,2010,10100000,135,Not,82,642156,1183658,17542642,18726300,India
"Grande, grosso e Verdone",,2008,,135,,,,,18725496,18725496,Italy
3000 Miles to Graceland,,2001,62000000,125,R,2545,7160521,15738632,2970216,18708848,United States
Joseon Myungtamjung: Heubhyeolgwimaui Bimil,1,2018,,120,Not,9,30288,104012,18604387,18708399,Republic of Korea
Suddenly Seventeen,11,2016,,109,,,,,18683303,18683303,China
Waiting...,,2005,1125000,94,R,1652,6021106,16124543,2548731,18673274,United States
Xiao zhu pei qi guo da nian,2,2019,,81,"G
(Rating",67,66913,131225,18521816,18653041,China
Jigeum Mannareo Gabmida,3,2018,,132,,,,,18634127,18634127,Republic of Korea
Fired Up,,2009,20000000,91,PG-13,1810,5483778,17231291,1377279,18608570,United States
OMG: Oh My God,,2012,,150,,,,,18602281,18602281,India
Detoroito Metaru Shiti,,2008,,105,Not,,,,18569470,18569470,Japan
The Blackening,8,2023,,96,R,1775,6013131,17707207,856560,18563767,United States
An Unfinished Life,,2005,30000000,108,PG-13,139,1008308,8535575,10000000,18535575,"Germany, United States"
[Rec] 2,,2010,5600000,,R,5,8191,27766,18500000,18527766,Spain
Black Christmas,12,2019,5000000,92,PG-13,2625,4240245,10429730,8096357,18526087,"New Zealand, United States"
De-Lovely,11,2004,15000000,125,PG-13,,,13337299,5187197,18524496,
Winx Club - Il Segreto Del Regno Perduto,,2012,,,,,,,18523991,18523991,Italy
Lipstick Under My Burka,7,2017,,,,,,,18520527,18520527,India
Kaguya-sama: Love Is War,9,2019,,112,,,,,18516460,18516460,Japan
Pako to Maho no Ehon,,2008,,105,,,,,18508052,18508052,Japan
A Mighty Wind,,2003,6000000,92,PG-13,133,2112140,17583468,921071,18504539,United States
The Curse of the Jade Scorpion,,2001,26000000,103,PG-13,903,2459315,7496522,11000000,18496522,
Empire,,2002,3500000,,R,867,6281415,17504595,990849,18495444,United States
Tian Qi Yu Bao,12,2018,,105,Not,21,35363,103053,18382575,18485628,China
Santa & Cie,12,2017,,92,,,,,18481089,18481089,"Belgium, France"
Motherless Brooklyn,11,2019,26000000,144,R,1342,3500454,9277736,9199540,18477276,United States
Battle of the Sexes,9,2017,25000000,121,PG-13,21,518332,12638526,5806853,18445379,United States
Heyy Babyy,,2007,,120,Not,68,612486,1411065,17018886,18429951,India
Palmeras en la nieve,12,2015,,163,,,,,18428243,18428243,Spain
Listy Do M3,11,2017,,107,,,,,18421612,18421612,Poland
Müslüm,10,2018,,132,,,,,18420808,18420808,Turkey
The Quiet Ones,4,2014,200000,98,PG-13,2027,3880053,8509867,9903937,18413804,United States
Desert Flower,,2011,,124,R,3,7657,44348,18360936,18405284,"Australia, Germany, United Kingdom"
Yôkai Watch 4,12,2017,,94,,,,,18395457,18395457,Japan
Sabotage,6,2014,35000000,110,R,2486,5272444,10508518,7867925,18376443,United States
Dorian Gray,,2009,,,R,,,,18353669,18353669,United Kingdom
Rockstar,,2011,,159,Not,112,612235,985912,17361000,18346912,India
Luomandike xiaowang shi,12,2016,,123,Not,20,95514,367278,17973326,18340604,"China, Hong Kong"
Zhui bu,11,2017,,106,,,,,18339343,18339343,"China, Hong Kong"
Big Baker's Unlucky Bear,1,2017,,,,,,,18330044,18330044,China
Crayon Shin-chan: Honeymoon Hurricane - The Lost Hiroshi,4,2019,,100,,,,,18321683,18321683,Japan
Gooische Vrouwen II,12,2014,,106,,,,,18317700,18317700,Netherlands
Jagten,10,2012,3450000,110,R,,,687185,17622608,18309793,Denmark
Hell Fest,9,2018,5500000,89,R,2297,5130963,11107431,7187452,18294883,United States
Boangwan,4,2017,,115,,,,,18292558,18292558,Republic of Korea
Sorry to Bother You,11,2018,3200000,105,R,16,727266,17493096,792464,18285560,United States
Machete Kills,10,2013,20000000,107,R,2538,3837183,8008161,10264848,18273009,United States
The Lighthouse,10,2019,4000000,110,R,8,427797,10867104,7396642,18263746,"Canada, United States"
Eye of the Beholder,,2000,15000000,110,R,1751,5959447,16500786,1760079,18260865,
Loser,,2000,20000000,,R,2016,6008611,15464026,2786080,18250106,United States
Daddy Day Camp,,2007,6000000,93,PG,2332,3402678,13235267,4974605,18209872,United States
Repo Men,,2010,32000000,111,R,2521,6126170,13942007,4253231,18195238,United States
Dope,7,2015,7000000,103,R,2002,6100010,17506470,684361,18190831,United States
Bears,6,2014,,77,G,1720,4776267,17780194,371552,18151746,United States
Chappaquiddick,4,2018,,101,PG-13,1560,5765854,17395521,752570,18148091,United States
All the Pretty Horses,,2000,45000000,117,PG-13,,,15527125,2593142,18120267,United States
Keeping Mum,,2006,,,R,2,27112,1619466,16494571,18114037,United Kingdom
Friends with Money,,2006,6500000,88,R,28,589332,13368437,4741715,18110152,United States
Gone,3,2012,19000000,94,PG-13,2186,4770360,11682205,6417984,18100189,United States
Ki-sool-ja-deul,12,2014,,117,,,,,18029692,18029692,Republic of Korea
Ao Jiao & Pian Jian,4,2017,,108,,,,,18019652,18019652,China
The Lobster,10,2015,4500000,119,R,7,50003,9196278,8788783,17985061,"France, Greece, Ireland, Netherlands, United Kingdom"
Stolen,,2012,35000000,96,R,141,183125,289773,17677973,17967746,United States
The Case for Christ,5,2017,3000000,112,PG,1174,3967885,14678714,3288046,17966760,United States
Dumb Money,9,2023,30000000,104,R,8,220947,13919484,4037426,17956910,United States
"Paw Patrol: Ready, Race, Rescue!",10,2019,,77,Not,,,,17955101,17955101,Canada
Bokura ga Ita Kohen,4,2012,,121,,,,,17953383,17953383,Japan
Shinobi no kuni,6,2017,,120,,,,,17952504,17952504,Japan
"Belle et Sébastien 3, le Dernier Chapitre",2,2018,,97,,,,,17939744,17939744,France
And So It Goes,7,2014,18000000,93,PG-13,1762,4642329,15160801,2759212,17920013,United States
Next Goal Wins,11,2023,10000000,103,PG-13,2240,2500295,6713826,11203448,17917274,United States
Poms,5,2019,10000000,91,PG-13,2750,5361937,13631124,4270190,17901314,United States
Delhi 6,,2009,,128,Not,,,879913,17004284,17884197,India
Backkom Bear: Agent 008,1,2017,,86,,,,,17880000,17880000,China
Antitrust,,2001,30000000,109,PG-13,2433,5486209,10965209,6900000,17865209,
Brothers,8,2015,13000000,155,Not,164,357404,656688,17200000,17856688,India
Boule et Bill,2,2013,,82,Not,13,3426,56224,17793891,17850115,"Belgium, France, Luxembourg"
Beullaekmeoni,11,2019,,113,,,,,17849132,17849132,Republic of Korea
City of Ember,,2008,38000000,90,PG,2022,3129473,7873007,9958551,17831558,United States
School for Scoundrels,,2006,20000000,101,PG-13,3004,8602333,17807569,,,United States
The Contender,,2000,9000000,126,R,1516,5363900,17804273,,,
Todos lo saben,5,2018,,132,R,4,71207,2677805,15113851,17791656,Spain
9 mois ferme,10,2013,,,Not,10,33816,154485,17633270,17787755,France
Gaku: Minna no Yama,,2011,,,,,,,17772865,17772865,Japan
Little Boy,5,2015,20000000,106,PG-13,1045,2750356,6485961,11283338,17769299,"Mexico, United States"
Rokuyon: Zenpen,5,2016,,121,,,,,17756876,17756876,Japan
Madeo,5,2009,,128,R,6,35858,551509,17184419,17735928,Republic of Korea
Sarkar Raj,,2008,,125,Not,70,642523,1009065,16713933,17722998,India
Jue zhan shi shen,2,2017,,97,,,,,17721468,17721468,"China, Hong Kong"
The Oxford Murders,7,2021,10000000,108,R,1,1191,4803,17699328,17704131,"France, Spain, United Kingdom"
Kapoor & Sons,3,2016,,150,Not,143,986992,2607036,15088862,17695898,India
High Security Vacation,,2009,,113,,,,,17686092,17686092,Russian Federation
Kit Kittredge: An American Girl,,2008,10000000,100,G,5,220297,17657973,,,United States
Unfair: The Movie,,2007,,,,,,,17657692,17657692,Japan
About My Father,5,2023,,89,PG-13,2464,4321148,12089391,5567826,17657217,United States
Scusa ma ti chiamo amore,,2008,,,,,,,17646235,17646235,Italy
Wicked Little Letters,2,2024,,100,R,5,76654,2000951,15632189,17633140,"France, United Kingdom"
The Accidental Detective,9,2015,,,,,,,17624124,17624124,Republic of Korea
Operation Finale,,2018,20000000,118,PG-13,1818,6022758,17612099,,,United States
Swing Vote,,2008,21000000,120,PG-13,2213,6230669,16289867,1300000,17589867,United States
Win a Date with Tad Hamilton!,4,2004,24000000,96,PG-13,2711,7320066,16980098,609731,17589829,United States
Deliver Us From Eva,,2003,,105,R,1139,6648374,17573594,,,United States
Finding Your Feet,2,2018,7000000,111,PG-13,14,60132,1418682,16151972,17570654,"Australia, Canada, United Kingdom, United States"
Adventureland,,2009,9800000,106,R,1862,5722039,16044025,1509030,17553055,United States
Shiwan Ge Lengxiaohua,12,2014,,100,,,,,17550000,17550000,China
Fruitvale Station,,2013,900000,84,R,7,377285,16098998,1450647,17549645,United States
Mommy,11,2014,4900000,134,R,10,26718,3498695,14037309,17536004,Canada
While We're Young,4,2015,10000000,94,R,4,227688,7582065,9921763,17503828,United States
Addicted,5,2015,5000000,105,R,846,7485346,17390770,108472,17499242,United States
Rebound,,2005,45000000,86,PG,2464,5033848,16809014,683000,17492014,United States
Neerja,2,2016,,122,Not,73,626528,1585687,15900000,17485687,India
Rachel Getting Married,,2008,12000000,113,R,9,293369,12796861,4678614,17475475,United States
Glee: The 3D Concert Movie,,2011,9000000,100,PG,2040,5961231,11862398,5600000,17462398,United States
Tristan & Isolde,,2006,,125,PG-13,1845,6583135,14734633,2720980,17455613,United Kingdom
Kinsey,12,2004,11000000,118,R,5,169038,10214647,7228882,17443529,United States
Roll Bounce,,2005,10000000,107,PG-13,1625,7570366,17380866,52206,17433072,United States
A Guy Thing,6,2003,20000000,101,PG-13,2515,6988749,15543862,1886732,17430594,
Les Triplettes de Belleville,5,2004,2000000,80,PG-13,6,108080,7301288,10098717,17400005,France
Gegege No Kitarô,,2007,,105,,,,,17369625,17369625,Japan
Si accettano miracoli,1,2015,,110,,,,,17368660,17368660,Italy
A Street Cat Named Bob,11,2016,8000000,103,Not,25,35070,82703,17285817,17368520,United Kingdom
Durante la tormenta,11,2018,,128,Not,,,,17361796,17361796,Spain
Sunshine Cleaning,,2009,5000000,91,R,4,219190,12062558,5266779,17329337,United States
Beautiful Boy,10,2018,25000000,112,R,4,218888,7634767,9691265,17326032,United States
My Baby's Daddy,,2004,12000000,86,PG-13,1447,7548819,17321573,639,17322212,United States
Politseyskiy s Rublyovki. Novogodniy bespredel 2,11,2019,,85,,,,,17318733,17318733,Russian Federation
Lian Zheng Feng Yun,2,2019,,90,Not,,,,17314737,17314737,Hong Kong
12 Rounds,,2009,20000000,108,PG-13,2331,5329240,12234694,5071954,17306648,United States
The Matador,,2005,10000000,96,R,4,69100,12589255,4711583,17300838,United States
Max Keeble's Big Move,,2001,12000000,86,PG,2014,5377958,17292381,,,United States
Jiao Zhu Chuan,8,2017,,108,Not,4,5122,13588,17269548,17283136,China
The Blind,,2023,,105,PG-13,1715,4341725,17265487,,,United States
Dolphins and Whales Tribes of the Ocean 3D,,2008,6000000,42,Not,4,41695,7714996,9537291,17252287,"Bahamas, United Kingdom"
21 Ke La,4,2018,,90,,,,,17241380,17241380,China
Fate Stay/night: Heaven’s Feel I. Presage Flower,10,2017,,120,,,,,17236320,17236320,Japan
Annapolis,,2006,,83,PG-13,1605,7681171,17127992,97000,17224992,United States
A Few Best Men,5,2012,15000000,97,Not,,,,17224539,17224539,"Australia, United Kingdom"
Bright Star,,2009,8500000,119,PG,19,189703,4444637,12775454,17220091,"Australia, France, United Kingdom"
Boodanggeorae,10,2010,,119,,,,,17218998,17218998,Republic of Korea
Hit & Run,,2012,22000000,95,R,2870,4526222,13749300,3467655,17216955,United States
Jeungin,2,2019,,129,,,,,17214392,17214392,Republic of Korea
Hardcore Henry,4,2016,2000000,95,R,3015,5107604,9252038,7935396,17187434,"Russian Federation, United States"
Padre no hay mas que uno,8,2019,,98,,,,,17172256,17172256,Spain
Monkey Kingdom,4,2015,,77,"G
(Rating",2012,4577861,16432322,727208,17159530,United States
Kureyon Shinchan: Bakumori! Kanfu Boizu ~Ramen Tairan~,4,2018,,104,,,,,17158729,17158729,Japan
Kites,,2010,9200000,131,Not,207,959329,1685269,15469924,17155193,India
Firehouse Dog,,2007,,111,PG,2860,3838916,13932383,3165914,17098297,United States
Retour chez ma mère,6,2016,,97,,,,,17092291,17092291,France
Kung Pow: Enter the Fist,,2002,10000000,81,PG-13,2478,7017474,16033556,1000000,17033556,United States
Pandorum,,2009,40000000,108,R,2506,4424126,10330853,6702578,17033431,United States
Judy Moody and the Not Bummer Summer,,2011,,91,PG,2524,6076859,15013650,2016232,17029882,United States
Il Primo Natale,12,2019,,100,,,,,17028644,17028644,Italy
Somewhere,12,2010,7000000,98,R,7,119086,1785645,15237476,17023121,United States
Boruto: Naruto the Movie,9,2015,,100,Not,155,259028,259028,16755523,17014551,Japan
"House of 1,000 Corpses",3,2004,7000000,89,R,595,3460666,12634962,4370504,17005466,United States
Everyone's Hero,,2006,,87,G,2896,6061762,14523101,2477336,17000437,United States
The Country Bears,,2002,20000000,88,G,2553,5309675,16988996,,,
Upgrade,6,2018,3000000,95,R,1457,4670905,11977130,4999431,16976561,Australia
Emperor Holidays,2,2015,,108,,,,,16960000,16960000,"China, Hong Kong"
Catch That Kid,4,2004,18000000,91,PG,2847,5824860,16703799,255815,16959614,"Germany, United States"
The Old Man and the Gun,10,2018,15800000,93,PG-13,5,142131,11277120,5678553,16955673,United States
Jason X,,2002,14000000,,R,1878,6649006,13121555,3830243,16951798,United States
Bullyparade: Der Film,8,2017,,100,,,,,16943484,16943484,Germany
Shang Hai Bao Lei,8,2019,,107,Not,,,,16923672,16923672,China
Death Sentence,,2007,20000000,105,R,1822,4231321,9534258,7373573,16907831,United States
The Birth of a Nation,12,2016,10000000,118,R,2105,7004254,15861566,1029445,16891011,United States
Calvary,7,2014,,104,R,4,74149,3600006,13287735,16887741,"Ireland, United Kingdom"
Sugar and Spice,,2001,,81,PG-13,2150,5891176,13276953,3603846,16880799,United States
Godsend,7,2004,30000000,102,PG-13,2323,6800617,14334645,2539280,16873925,"Canada, United States"
Jaane Tu Ya Jaane Na,,2008,,,Not,33,63790,600922,16268582,16869504,India
Rabbit-Proof Fence,,2002,7000000,93,PG,9,88352,6199600,10667328,16866928,Australia
Jue Sheng Shi Ke,9,2019,,140,,,,,16841504,16841504,China
Le hérisson,3,2010,,,Not,15,34477,828801,16006387,16835188,France
Sumaho o otoshita dake na no ni,11,2018,,116,,,,,16831582,16831582,Japan
Femme Fatale,,2002,35000000,,R,1066,2776248,6630252,10200000,16830252,"France, Germany, United States"
"Kiss Kiss, Bang Bang",11,2005,15000000,102,R,8,180660,4235837,12593627,16829464,United States
Hollywoodland,,2006,,126,R,1548,5926177,14426251,2400000,16826251,United States
Heartfall Arises,10,2016,,106,,,,,16788620,16788620,"China, Hong Kong"
Jaesim,1,2017,,119,,,,,16781837,16781837,Republic of Korea
102 Not Out,5,2018,,101,PG,102,483681,1339909,15425303,16765212,India
Salyut-7,10,2017,,111,,,,,16755928,16755928,Russian Federation
My Soul to Take,,2010,25000000,107,R,2572,6842220,14744435,1983035,16727470,United States
Battle of the Year,10,2013,20000000,109,PG-13,2008,4603177,8888355,7835022,16723377,United States
Kurôzu zero,,2007,,,,,,,16699857,16699857,Japan
In Darkness,4,2012,,145,R,3,27413,6994218,9698557,16692775,"Canada, Germany, Poland"
Total Dhamaal,2,2019,,127,Not,202,989387,2167632,14520491,16688123,India
Ich bin dann mal weg,12,2015,,92,,,,,16670205,16670205,Germany
Escape Plan 2: Hades,6,2018,,,R,,,,16668668,16668668,"China, United States"
Mai wei,,2012,,143,R,22,17817,70177,16583311,16653488,Republic of Korea
Pride and Prejudice and Zombies,2,2016,28000000,107,PG-13,2931,5324240,10907291,5731009,16638300,United States
Digimon: The Movie,,2000,5000000,88,PG,1823,4233304,9628751,7000000,16628751,
Paparazzi,11,2004,20000000,84,PG-13,2115,6146262,15712072,900000,16612072,United States
Silent House,5,2012,2000000,86,R,2124,6660234,12739737,3871023,16610760,United States
Reservation Road,,2007,,,R,14,36269,101440,16500000,16601440,United States
The Good Girl,,2002,8000000,93,R,4,151642,14018296,2567207,16585503,"Germany, Netherlands, United States"
Blue Valentine,5,2012,1000000,120,NC-17,4,193728,9737892,6828348,16566240,United States
Mindhunters,,2005,27000000,106,R,1040,1911358,4476235,12090000,16566235,United States
Feng Yu Zhou,7,2018,,105,,,,,16558135,16558135,China
tajja: won aidey jaek,9,2019,,139,Not,22,41139,97655,16459340,16556995,Republic of Korea
Transamerica,,2006,1000000,103,R,2,46908,9015303,7537860,16553163,United States
Der Geilste Tag,2,2016,,113,,,,,16542357,16542357,"Germany, South Africa"
Miracle on 1st Street,,2007,,113,,,,,16529062,16529062,Republic of Korea
Original Sin,,2001,26000000,116,R,2194,6402741,16521410,,,France
Elle,5,2016,9100000,130,R,2,50934,2339735,14177973,16517708,"Belgium, France, Germany"
Sea Rex 3D: Journey to a Prehistoric World,,2010,5000000,41,Not,,,6096582,10418621,16515203,"France, United Kingdom"
Belle,5,2014,,105,PG,4,106578,10726630,5784718,16511348,United Kingdom
American Dreamz,,2006,17000000,107,PG-13,1500,3667420,7314027,9196944,16510971,United States
"Belle et Sébastien, l'aventure continue",12,2015,,98,,,,,16503991,16503991,France
Der Baader Meinhof Komplex,9,2008,19700000,150,R,2,17348,476270,16022557,16498827,"Czech Republic, France, Germany"
Arif v 216,1,2018,,125,,,,,16495648,16495648,Turkey
The Space Between Us,1,2017,30000000,121,PG-13,2812,3775596,7885294,8596111,16481405,United States
Sabaha,2,2019,,122,,,,,16467544,16467544,Republic of Korea
Xiao Q,7,2019,,90,Not,1,1652,1652,16460000,16461652,Hong Kong
Archimedes no Taisen,7,2019,,130,,,,,16454674,16454674,Japan
Shi Ba Dong Cun,10,2017,,124,,,,,16444489,16444489,China
Unfriended: Dark Web,7,2018,1000000,88,R,1546,3653035,8866745,7567843,16434588,United States
Prityazhenie 2,11,2019,,129,Not,,,,16433163,16433163,Russian Federation
The Powerpuff Girls,,2002,25000000,73,PG,2340,3583114,11411644,5014057,16425701,United States
Die Wilden Kerle 4,,2007,,,,,,,16400000,16400000,Germany
"I Love You, Beth Cooper",,2009,18000000,102,PG-13,1858,4919433,14800725,1581813,16382538,United States
Forever My Girl,,2018,3500000,104,PG,1114,4245630,16376066,,,United States
The Words,9,2012,6000000,97,PG-13,2801,4750894,11494838,4874870,16369708,United States
Two Lovers,,2009,12000000,109,R,7,94986,3149034,13200000,16349034,United States
Paranoia,10,2013,40000000,146,PG-13,2459,3528376,7388654,8952113,16340767,United States
PLAYMOBIL,8,2019,75000000,99,PG,2337,656530,1115008,15173023,16288031,"Canada, France, Germany"
The Dish,,2001,,101,PG-13,6,70612,2252970,14000000,16252970,Australia
Dans la maison,10,2012,,105,R,3,31441,388044,15859418,16247462,France
Black Christmas,,2006,9000000,91,R,1544,3723364,16235738,,,"Canada, United States"
Dasavatharam,,2008,,185,,,,,16227750,16227750,India
On the Line,9,2021,10000000,85,PG,900,2307063,4365455,11856848,16222303,United States
Unforgettable,2,2016,12000000,114,R,2417,4785431,11368012,4853199,16221211,United States
World's Greatest Dad,10,2023,,120,,,,,16201808,16201808,China
The Emperor's Club,3,2003,12500000,109,PG-13,809,3846780,14060950,2132763,16193713,United States
Fei Fa Cao Zuo,12,2015,,94,,,,,16180000,16180000,China
Shine a Light,,2008,1000000,122,R,276,1488081,5505267,10668612,16173879,United States
Un secret,,2008,,105,Not,3,37135,623558,15550000,16173558,France
Just Visiting,,2001,40000000,87,PG-13,1590,2272489,4777007,11395193,16172200,France
House of Sand and Fog,2,2004,16500000,126,R,2,45572,13005485,3149301,16154786,United States
30 il,10,2023,,,,,,,16153680,16153680,Republic of Korea
They,2,2003,17000000,89,PG-13,1615,5144090,12840842,3300000,16140842,"Canada, United States"
Chocolat,2,2016,,110,,,,,16136718,16136718,France
Winter’s Bone,,2010,2000000,100,R,4,84797,6531503,9600048,16131551,United States
Parkyeol,6,2017,,129,,,,,16118577,16118577,Republic of Korea
Red Dog,8,2011,,105,Not,,,,16110694,16110694,"Costa Rica, United States"
Fukrey Returns,12,2017,,131,,,,,16101765,16101765,India
Running Turtle,,2009,,,,,,,16083981,16083981,Republic of Korea
Nanatsu no kaigi,2,2019,,119,,,,,16083213,16083213,Japan
Raaz 3: The Third Dimension,9,2012,,90,R,,,,16042498,16042498,India
Enigma,,2002,,119,R,25,156587,4298329,11733099,16031428,
Purinsesu Toyotomi,,2011,,,,,,,16019696,16019696,Japan
Incendies,9,2010,6800000,130,R,,,6857096,9160352,16017448,"Canada, France"
O,,2001,5000000,,R,1434,5655658,16017403,,,United States
Gangnam 1970,1,2015,,135,,,,,16016282,16016282,
Tyler Perry's The Single Moms Club,,2014,,111,PG-13,1896,8075111,15995891,,,United States
Shinui Han Soo: Gwisoopyeon,11,2019,,106,Not,2,12269,67578,15926132,15993710,Republic of Korea
Qi Shi Qi Tian,11,2017,,90,,,,,15988889,15988889,China
Au revoir là-haut,10,2017,,117,,,,,15982156,15982156,France
Drowning Mona,,2000,16000000,96,PG-13,1981,5802229,15427192,553184,15980376,
Tully,5,2018,,94,R,1353,3282610,9369755,6582933,15952688,United States
Cry Wolf,,2005,1000000,90,PG-13,1789,4428209,10047674,5895407,15943081,United States
Loucas pra Casar,1,2015,,108,,,,,15918808,15918808,Brazil
Thomas and the Magic Railroad,,2000,19000000,85,G,2106,4154932,15911332,,,United States
Colette,10,2018,,111,R,4,161179,5126985,10783198,15910183,"Hungary, United Kingdom, United States"
The Conspirator,5,2012,25000000,122,PG-13,707,3506602,11538204,4369207,15907411,United States
Ajab Prem Ki Ghazab Kahani,,2009,,,Not,74,461505,741238,15165173,15906411,India
"I, Daniel Blake",4,2024,,100,R,,,260354,15626833,15887187,"Belgium, France, United Kingdom"
Cai Shen Ke Zhan,,2011,,,,,,,15883398,15883398,"China, Hong Kong"
Seer Movie 6: Invincible Puni,8,2017,,97,,,,,15874097,15874097,China
Haevnen,3,2012,5500000,113,R,4,33058,1008098,14859216,15867314,"Denmark, Sweden, United States"
Myeong Dang,9,2018,,126,,,,,15856608,15856608,Republic of Korea
Heroine,9,2012,,240,Not,114,389901,598668,15237280,15835948,India
Kaizoku to yobareta otoko,12,2016,,145,,,,,15827405,15827405,Japan
Extraordinary Measures,,2010,31000000,106,PG,2545,6012594,12482741,3344243,15826984,United States
Regression,10,2015,20000000,106,R,,,55039,15769335,15824374,"Canada, Spain"
Anonymous,,2011,27500000,130,PG-13,265,1021768,4463292,11352217,15815509,"Germany, United States"
The Kitchen,8,2019,38000000,102,R,2745,5527410,12180032,3599229,15779261,United States
The Gospel,,2005,,105,PG,969,7523571,15778152,,,
Blitz,,2011,,,R,,,,15774948,15774948,United Kingdom
Once Upon a Time in Mumbai,,2010,,134,Not,32,155510,302862,15450150,15753012,India
Le passé,11,2013,8000000,130,PG-13,,,1335672,14416903,15752575,"France, Islamic Republic of Iran"
The Dead Don’t Die,5,2019,,103,R,613,2540240,6782066,8961988,15744054,"Sweden, United States"
Yolki novye,12,2017,,85,,,,,15738222,15738222,Russian Federation
Anjaana Anjaani,,2010,,,Not,91,517608,854757,14883455,15738212,India
Double Dhamaal,,2011,,138,Not,54,301831,543646,15173480,15717126,India
Umimachi Diary,6,2015,,126,PG,3,25118,467555,15245197,15712752,Japan
Kazoku Wa Tsuraiyo,3,2016,,108,,,,,15710608,15710608,Japan
Fanaa,,2006,,169,Not,72,753067,2105351,13601763,15707114,India
The Last Station,,2010,18000000,110,R,3,73723,6617867,9078279,15696146,Germany
